id,name,job,email,gender
1,Quinlan Lawden,Senior Financial Analyst,qlawden0@un.org,Male
2,Sayre Bowmen,Structural Engineer,sbowmen1@cisco.com,Male
3,Clarey Nehl,Director of Sales,cnehl2@sohu.com,Male
4,Lilla Gurry,Tax Accountant,lgurry3@patch.com,Female
5,Cob Sarah,Clinical Specialist,csarah4@eventbrite.com,Female
6,Julita Nice,Registered Nurse,jnice5@ted.com,Male
7,Domingo Torritti,Compensation Analyst,dtorritti6@intel.com,Female
8,Concordia Braime,Administrative Officer,cbraime7@state.gov,Female
9,Bron O'Scollee,Product Engineer,boscollee8@slashdot.org,Male
10,Carlene Khilkov,Registered Nurse,ckhilkov9@cafepress.com,Male
